{"cameraMode":{"drawMode":0,"name":"Shaded","section":"Shading Mode"},"sceneLighting":false,"audioPlay":false,"sceneViewState":{"showFog":true,"showMaterialUpdate":false,"showSkybox":false,"showFlares":true,"showImageEffects":true,"showParticleSystems":true},"in2DMode":false,"pivot":{"x":97.87664031982422,"y":-15.95547103881836,"z":-67.90906524658203},"rotation":{"x":0.1117715835571289,"y":0.7430011630058289,"z":-0.1275591403245926,"w":0.6476840376853943},"size":1.533760905265808,"orthographic":false}