{"cameraMode":{"drawMode":0,"name":"Shaded","section":"Shading Mode"},"sceneLighting":true,"audioPlay":false,"sceneViewState":{"showFog":true,"showMaterialUpdate":false,"showSkybox":true,"showFlares":true,"showImageEffects":true,"showParticleSystems":true},"in2DMode":false,"pivot":{"x":125.0853500366211,"y":-4.931152820587158,"z":-58.76266098022461},"rotation":{"x":0.013495239429175854,"y":0.02549494430422783,"z":-0.00034419732401147485,"w":0.9995842576026917},"size":106.39661407470703,"orthographic":true}