{"cameraMode":{"drawMode":0,"name":"Shaded","section":"Shading Mode"},"sceneLighting":true,"audioPlay":false,"sceneViewState":{"showFog":true,"showMaterialUpdate":false,"showSkybox":true,"showFlares":true,"showImageEffects":true,"showParticleSystems":true},"in2DMode":false,"pivot":{"x":629.4014282226563,"y":379.5520324707031,"z":-91.13128662109375},"rotation":{"x":-0.019807711243629457,"y":0.008095328696072102,"z":-0.00016033534484449774,"w":-0.9997724294662476},"size":776.4421997070313,"orthographic":false}