{"cameraMode":{"drawMode":0,"name":"Shaded","section":"Shading Mode"},"sceneLighting":false,"audioPlay":false,"sceneViewState":{"showFog":true,"showMaterialUpdate":false,"showSkybox":false,"showFlares":true,"showImageEffects":true,"showParticleSystems":true},"in2DMode":false,"pivot":{"x":108.3726577758789,"y":-10.754745483398438,"z":-92.34121704101563},"rotation":{"x":0.19034789502620698,"y":-0.24731701612472535,"z":0.04961889982223511,"w":0.9487569332122803},"size":17.9717960357666,"orthographic":false}