{"cameraMode":{"drawMode":0,"name":"Shaded","section":"Shading Mode"},"sceneLighting":false,"audioPlay":false,"sceneViewState":{"showFog":true,"showMaterialUpdate":false,"showSkybox":false,"showFlares":true,"showImageEffects":true,"showParticleSystems":true},"in2DMode":false,"pivot":{"x":94.9085693359375,"y":-15.38119125366211,"z":-67.25150299072266},"rotation":{"x":0.03481052815914154,"y":0.7080522179603577,"z":-0.0343245193362236,"w":0.7046868205070496},"size":3.1894423961639406,"orthographic":false}